{
    "rx": 9.818182,
    "ry": 0.0,
    "rz": 0.0,
    "tz": 18.181818,
    "ty": -320.27,
    "tx": -170.0,
    "z_thickness": 20.0,
    "affine_matrix": [
        [
            1.0,
            0.0,
            0.0,
            18.181818
        ],
        [
            0.0,
            0.9853538353065705,
            -0.17052219575947267,
            -212.13167749550513
        ],
        [
            0.0,
            0.17052219575947267,
            0.9853538353065705,
            -261.0316021425692
        ],
        [
            0.0,
            0.0,
            0.0,
            1.0
        ]
    ],
    "scale": [
        20.0,
        1.129936,
        1.067516
    ]
}