{
  "parameters": {
    "tx": -500,
    "ty": -853,
    "tz": 120,
    "rx": 0,
    "ry": -4,
    "rz": 0,
    "sx": 1.1300000000000001,
    "sy": 1.1300000000000001,
    "sz": 1.4500000000000004
  },
  "affine_matrix": [
    [
      1.4464678728767455,
      0.0,
      -0.0788248153308616,
      161.5690134244557
    ],
    [
      0.0,
      1.1300000000000001,
      0.0,
      -928.9200000000001
    ],
    [
      0.10114688692898172,
      0.0,
      1.1272473767936015,
      -575.3239369167532
    ],
    [
      0.0,
      0.0,
      0.0,
      1.0
    ]
  ],
  "applies_to": [
    "In-vitro Image",
    "In-vitro Mask",
    "In-vitro Matches"
  ],
  "axis_order": "zyx for translation/scale center, rotations are rx/ry/rz degrees"
}