{
  "parameters": {
    "tx": -350,
    "ty": -734,
    "tz": -210,
    "rx": 0,
    "ry": 11,
    "rz": 0,
    "sx": 1.0,
    "sy": 1.0,
    "sz": 1.0
  },
  "affine_matrix": [
    [
      0.981627183447664,
      0.0,
      0.1908089953765448,
      -321.2487251343788
    ],
    [
      0.0,
      1.0,
      0.0,
      -734.0
    ],
    [
      -0.1908089953765448,
      0.0,
      0.981627183447664,
      -337.3621851796703
    ],
    [
      0.0,
      0.0,
      0.0,
      1.0
    ]
  ],
  "applies_to": [
    "In-vitro Image",
    "In-vitro Mask",
    "In-vitro Matches"
  ],
  "axis_order": "zyx for translation/scale center, rotations are rx/ry/rz degrees"
}